{
  "features": [
    "log_baseMean",
    "log_n_cells",
    "cond_Rest",
    "cond_Stim8hr",
    "cond_Stim48hr"
  ],
  "seed": 20260708,
  "global_mean_target": 4.65766584610055,
  "train": {
    "model": {
      "r2": 0.14861436337141942,
      "spearman": 0.40974755591641654,
      "rmse": 0.12006191679721653,
      "n": 16307
    },
    "mean_baseline": {
      "r2": 0.0,
      "spearman": NaN,
      "rmse": 0.13011941829106968,
      "n": 16307
    },
    "shuffle_baseline": {
      "r2": -0.0014934297236870453,
      "spearman": -0.04070716725768004,
      "rmse": 0.13021654414539147,
      "n": 16307
    }
  },
  "calib": {
    "model": {
      "r2": 0.10367619740051448,
      "spearman": 0.37847698475532926,
      "rmse": 0.12292273741191606,
      "n": 10857
    },
    "mean_baseline": {
      "r2": -0.00025946177656499536,
      "spearman": NaN,
      "rmse": 0.12985422734380603,
      "n": 10857
    },
    "shuffle_baseline": {
      "r2": -0.0019130614827536085,
      "spearman": -0.040431818411991914,
      "rmse": 0.1299615186260188,
      "n": 10857
    }
  },
  "test": {
    "model": {
      "r2": 0.09642989951052505,
      "spearman": 0.35635278934734604,
      "rmse": 0.11733927448987057,
      "n": 6819
    },
    "mean_baseline": {
      "r2": -0.00042554096006464093,
      "spearman": NaN,
      "rmse": 0.1234681265144245,
      "n": 6819
    },
    "shuffle_baseline": {
      "r2": -0.0023632202544172642,
      "spearman": -0.03034698951916181,
      "rmse": 0.12358763860724259,
      "n": 6819
    }
  }
}